termo,data_mes,views
eeg,2015-07-01,4269
eeg,2015-08-01,3929
eeg,2015-09-01,3772
eeg,2015-10-01,3243
eeg,2015-11-01,3132
eeg,2015-12-01,2527
eeg,2016-01-01,3030
eeg,2016-02-01,3449
eeg,2016-03-01,4636
eeg,2016-04-01,4855
eeg,2016-05-01,4609
eeg,2016-06-01,3940
eeg,2016-07-01,3132
eeg,2016-08-01,3189
eeg,2016-09-01,3111
eeg,2016-10-01,3422
eeg,2016-11-01,3389
eeg,2016-12-01,2689
eeg,2017-01-01,3187
eeg,2017-02-01,3159
eeg,2017-03-01,4367
eeg,2017-04-01,3404
eeg,2017-05-01,4317
eeg,2017-06-01,3669
eeg,2017-07-01,3094
eeg,2017-08-01,3366
eeg,2017-09-01,4059
eeg,2017-10-01,4086
eeg,2017-11-01,4011
eeg,2017-12-01,2721
eeg,2018-01-01,2983
eeg,2018-02-01,3162
eeg,2018-03-01,3944
eeg,2018-04-01,3715
eeg,2018-05-01,4469
eeg,2018-06-01,3601
eeg,2018-07-01,3010
eeg,2018-08-01,3349
eeg,2018-09-01,3485
eeg,2018-10-01,4817
eeg,2018-11-01,4484
eeg,2018-12-01,3590
eeg,2019-01-01,4144
eeg,2019-02-01,3591
eeg,2019-03-01,4016
eeg,2019-04-01,4348
eeg,2019-05-01,4858
eeg,2019-06-01,4338
eeg,2019-07-01,4049
eeg,2019-08-01,4133
eeg,2019-09-01,3986
eeg,2019-10-01,4520
eeg,2019-11-01,4526
eeg,2019-12-01,3167
eeg,2020-01-01,2907
eeg,2020-02-01,2579
eeg,2020-03-01,2919
eeg,2020-04-01,2556
eeg,2020-05-01,2909
eeg,2020-06-01,2544
eeg,2020-07-01,2331
eeg,2020-08-01,2163
eeg,2020-09-01,2154
eeg,2020-10-01,2608
eeg,2020-11-01,2601
eeg,2020-12-01,1719
eeg,2021-01-01,1734
eeg,2021-02-01,1464
eeg,2021-03-01,1858
eeg,2021-04-01,1946
eeg,2021-05-01,1698
eeg,2021-06-01,1473
eeg,2021-07-01,1495
eeg,2021-08-01,1242
eeg,2021-09-01,1234
eeg,2021-10-01,1561
eeg,2021-11-01,1843
eeg,2021-12-01,1390
eeg,2022-01-01,1442
eeg,2022-02-01,1237
eeg,2022-03-01,1625
eeg,2022-04-01,1522
eeg,2022-05-01,1452
eeg,2022-06-01,1345
eeg,2022-07-01,1102
eeg,2022-08-01,1485
eeg,2022-09-01,1391
eeg,2022-10-01,1516
eeg,2022-11-01,1494
eeg,2022-12-01,1176
eeg,2023-01-01,1461
eeg,2023-02-01,1258
eeg,2023-03-01,1578
eeg,2023-04-01,1632
eeg,2023-05-01,1990
eeg,2023-06-01,1790
eeg,2023-07-01,1650
eeg,2023-08-01,1755
eeg,2023-09-01,1527
eeg,2023-10-01,1622
eeg,2023-11-01,1534
eeg,2023-12-01,1295
eeg,2024-01-01,1845
eeg,2024-02-01,1644
eeg,2024-03-01,2130
eeg,2024-04-01,2007
eeg,2024-05-01,3382
eeg,2024-06-01,3520
eeg,2024-07-01,3488
eeg,2024-08-01,2717
eeg,2024-09-01,2488
eeg,2024-10-01,2851
eeg,2024-11-01,2406
eeg,2024-12-01,2511
eeg,2025-01-01,3685
eeg,2025-02-01,1607
eeg,2025-03-01,1672
eeg,2025-04-01,1029
eeg,2025-05-01,1258
eeg,2025-06-01,798
eeg,2025-07-01,857
estocastica,2015-07-01,1396
estocastica,2015-08-01,1515
estocastica,2015-09-01,1583
estocastica,2015-10-01,1636
estocastica,2015-11-01,1815
estocastica,2015-12-01,1202
estocastica,2016-01-01,1403
estocastica,2016-02-01,1447
estocastica,2016-03-01,1902
estocastica,2016-04-01,2185
estocastica,2016-05-01,2048
estocastica,2016-06-01,2293
estocastica,2016-07-01,1859
estocastica,2016-08-01,2362
estocastica,2016-09-01,2397
estocastica,2016-10-01,2446
estocastica,2016-11-01,2346
estocastica,2016-12-01,1760
estocastica,2017-01-01,1620
estocastica,2017-02-01,1762
estocastica,2017-03-01,2618
estocastica,2017-04-01,2274
estocastica,2017-05-01,2534
estocastica,2017-06-01,2601
estocastica,2017-07-01,2160
estocastica,2017-08-01,2562
estocastica,2017-09-01,2474
estocastica,2017-10-01,2885
estocastica,2017-11-01,2330
estocastica,2017-12-01,1651
estocastica,2018-01-01,1946
estocastica,2018-02-01,1845
estocastica,2018-03-01,3001
estocastica,2018-04-01,2575
estocastica,2018-05-01,2952
estocastica,2018-06-01,2971
estocastica,2018-07-01,2212
estocastica,2018-08-01,2526
estocastica,2018-09-01,2361
estocastica,2018-10-01,2177
estocastica,2018-11-01,2554
estocastica,2018-12-01,1980
estocastica,2019-01-01,1649
estocastica,2019-02-01,1959
estocastica,2019-03-01,2681
estocastica,2019-04-01,2724
estocastica,2019-05-01,2722
estocastica,2019-06-01,2667
estocastica,2019-07-01,2189
estocastica,2019-08-01,2631
estocastica,2019-09-01,2753
estocastica,2019-10-01,2730
estocastica,2019-11-01,3049
estocastica,2019-12-01,2140
estocastica,2020-01-01,2123
estocastica,2020-02-01,2197
estocastica,2020-03-01,2972
estocastica,2020-04-01,3215
estocastica,2020-05-01,2775
estocastica,2020-06-01,3027
estocastica,2020-07-01,2387
estocastica,2020-08-01,2310
estocastica,2020-09-01,2739
estocastica,2020-10-01,3135
estocastica,2020-11-01,2638
estocastica,2020-12-01,2169
estocastica,2021-01-01,1846
estocastica,2021-02-01,1936
estocastica,2021-03-01,2901
estocastica,2021-04-01,2392
estocastica,2021-05-01,2066
estocastica,2021-06-01,1865
estocastica,2021-07-01,1974
estocastica,2021-08-01,1847
estocastica,2021-09-01,1722
estocastica,2021-10-01,1835
estocastica,2021-11-01,1802
estocastica,2021-12-01,1316
estocastica,2022-01-01,1331
estocastica,2022-02-01,1341
estocastica,2022-03-01,1964
estocastica,2022-04-01,1485
estocastica,2022-05-01,1583
estocastica,2022-06-01,1527
estocastica,2022-07-01,1276
estocastica,2022-08-01,1756
estocastica,2022-09-01,1523
estocastica,2022-10-01,1806
estocastica,2022-11-01,1688
estocastica,2022-12-01,1234
estocastica,2023-01-01,1114
estocastica,2023-02-01,1076
estocastica,2023-03-01,1212
estocastica,2023-04-01,1117
estocastica,2023-05-01,1353
estocastica,2023-06-01,1255
estocastica,2023-07-01,1110
estocastica,2023-08-01,1167
estocastica,2023-09-01,1195
estocastica,2023-10-01,1096
estocastica,2023-11-01,1183
estocastica,2023-12-01,988
estocastica,2024-01-01,1105
estocastica,2024-02-01,940
estocastica,2024-03-01,1198
estocastica,2024-04-01,1100
estocastica,2024-05-01,1159
estocastica,2024-06-01,1023
estocastica,2024-07-01,1080
estocastica,2024-08-01,996
estocastica,2024-09-01,982
estocastica,2024-10-01,1067
estocastica,2024-11-01,1077
estocastica,2024-12-01,838
estocastica,2025-01-01,896
estocastica,2025-02-01,816
estocastica,2025-03-01,761
estocastica,2025-04-01,675
estocastica,2025-05-01,560
estocastica,2025-06-01,600
estocastica,2025-07-01,598
galves,2015-07-01,59
galves,2015-08-01,47
galves,2015-09-01,57
galves,2015-10-01,77
galves,2015-11-01,58
galves,2015-12-01,58
galves,2016-01-01,62
galves,2016-02-01,42
galves,2016-03-01,60
galves,2016-04-01,71
galves,2016-05-01,114
galves,2016-06-01,102
galves,2016-07-01,73
galves,2016-08-01,89
galves,2016-09-01,56
galves,2016-10-01,254
galves,2016-11-01,154
galves,2016-12-01,64
galves,2017-01-01,82
galves,2017-02-01,68
galves,2017-03-01,115
galves,2017-04-01,87
galves,2017-05-01,85
galves,2017-06-01,90
galves,2017-07-01,123
galves,2017-08-01,81
galves,2017-09-01,63
galves,2017-10-01,89
galves,2017-11-01,72
galves,2017-12-01,59
galves,2018-01-01,29
galves,2018-02-01,44
galves,2018-03-01,72
galves,2018-04-01,116
galves,2018-05-01,44
galves,2018-06-01,66
galves,2018-07-01,67
galves,2018-08-01,89
galves,2018-09-01,59
galves,2018-10-01,71
galves,2018-11-01,61
galves,2018-12-01,48
galves,2019-01-01,38
galves,2019-02-01,60
galves,2019-03-01,89
galves,2019-04-01,189
galves,2019-05-01,150
galves,2019-06-01,272
galves,2019-07-01,92
galves,2019-08-01,120
galves,2019-09-01,99
galves,2019-10-01,107
galves,2019-11-01,166
galves,2019-12-01,54
galves,2020-01-01,71
galves,2020-02-01,65
galves,2020-03-01,157
galves,2020-04-01,149
galves,2020-05-01,73
galves,2020-06-01,95
galves,2020-07-01,99
galves,2020-08-01,89
galves,2020-09-01,104
galves,2020-10-01,79
galves,2020-11-01,69
galves,2020-12-01,52
galves,2021-01-01,61
galves,2021-02-01,28
galves,2021-03-01,89
galves,2021-04-01,54
galves,2021-05-01,53
galves,2021-06-01,62
galves,2021-07-01,50
galves,2021-08-01,78
galves,2021-09-01,32
galves,2021-10-01,64
galves,2021-11-01,61
galves,2021-12-01,39
galves,2022-01-01,31
galves,2022-02-01,31
galves,2022-03-01,63
galves,2022-04-01,32
galves,2022-05-01,52
galves,2022-06-01,43
galves,2022-07-01,47
galves,2022-08-01,48
galves,2022-09-01,63
galves,2022-10-01,54
galves,2022-11-01,71
galves,2022-12-01,30
galves,2023-01-01,48
galves,2023-02-01,50
galves,2023-03-01,96
galves,2023-04-01,46
galves,2023-05-01,52
galves,2023-06-01,76
galves,2023-07-01,55
galves,2023-08-01,52
galves,2023-09-01,2569
galves,2023-10-01,152
galves,2023-11-01,91
galves,2023-12-01,64
galves,2024-01-01,61
galves,2024-02-01,34
galves,2024-03-01,68
galves,2024-04-01,54
galves,2024-05-01,40
galves,2024-06-01,67
galves,2024-07-01,46
galves,2024-08-01,56
galves,2024-09-01,69
galves,2024-10-01,64
galves,2024-11-01,58
galves,2024-12-01,46
galves,2025-01-01,83
galves,2025-02-01,39
galves,2025-03-01,47
galves,2025-04-01,52
galves,2025-05-01,76
galves,2025-06-01,67
galves,2025-07-01,57
galveslocherbach,2016-05-01,145
galveslocherbach,2016-06-01,23
galveslocherbach,2016-07-01,22
galveslocherbach,2016-08-01,17
galveslocherbach,2016-09-01,30
galveslocherbach,2016-10-01,34
galveslocherbach,2016-11-01,81
galveslocherbach,2016-12-01,46
galveslocherbach,2017-01-01,39
galveslocherbach,2017-02-01,28
galveslocherbach,2017-03-01,48
galveslocherbach,2017-04-01,49
galveslocherbach,2017-05-01,55
galveslocherbach,2017-06-01,45
galveslocherbach,2017-07-01,24
galveslocherbach,2017-08-01,25
galveslocherbach,2017-09-01,16
galveslocherbach,2017-10-01,20
galveslocherbach,2017-11-01,12
galveslocherbach,2017-12-01,21
galveslocherbach,2018-01-01,30
galveslocherbach,2018-02-01,15
galveslocherbach,2018-03-01,27
galveslocherbach,2018-04-01,21
galveslocherbach,2018-05-01,19
galveslocherbach,2018-06-01,28
galveslocherbach,2018-07-01,12
galveslocherbach,2018-08-01,13
galveslocherbach,2018-09-01,18
galveslocherbach,2018-10-01,26
galveslocherbach,2018-11-01,9
galveslocherbach,2018-12-01,12
galveslocherbach,2019-01-01,21
galveslocherbach,2019-02-01,18
galveslocherbach,2019-03-01,10
galveslocherbach,2019-04-01,11
galveslocherbach,2019-05-01,16
galveslocherbach,2019-06-01,19
galveslocherbach,2019-07-01,21
galveslocherbach,2019-08-01,19
galveslocherbach,2019-09-01,16
galveslocherbach,2019-10-01,14
galveslocherbach,2019-11-01,32
galveslocherbach,2019-12-01,13
galveslocherbach,2020-01-01,57
galveslocherbach,2020-02-01,47
galveslocherbach,2020-03-01,38
galveslocherbach,2020-04-01,27
galveslocherbach,2020-05-01,11
galveslocherbach,2020-06-01,14
galveslocherbach,2020-07-01,20
galveslocherbach,2020-08-01,22
galveslocherbach,2020-09-01,26
galveslocherbach,2020-10-01,16
galveslocherbach,2020-11-01,13
galveslocherbach,2020-12-01,20
galveslocherbach,2021-01-01,25
galveslocherbach,2021-02-01,21
galveslocherbach,2021-03-01,21
galveslocherbach,2021-04-01,19
galveslocherbach,2021-05-01,21
galveslocherbach,2021-06-01,42
galveslocherbach,2021-07-01,23
galveslocherbach,2021-08-01,24
galveslocherbach,2021-09-01,21
galveslocherbach,2021-10-01,15
galveslocherbach,2021-11-01,12
galveslocherbach,2021-12-01,13
galveslocherbach,2022-01-01,16
galveslocherbach,2022-02-01,6
galveslocherbach,2022-03-01,15
galveslocherbach,2022-04-01,20
galveslocherbach,2022-05-01,16
galveslocherbach,2022-06-01,26
galveslocherbach,2022-07-01,14
galveslocherbach,2022-08-01,19
galveslocherbach,2022-09-01,16
galveslocherbach,2022-10-01,11
galveslocherbach,2022-11-01,22
galveslocherbach,2022-12-01,22
galveslocherbach,2023-01-01,8
galveslocherbach,2023-02-01,19
galveslocherbach,2023-03-01,18
galveslocherbach,2023-04-01,7
galveslocherbach,2023-05-01,12
galveslocherbach,2023-06-01,37
galveslocherbach,2023-07-01,20
galveslocherbach,2023-08-01,16
galveslocherbach,2023-09-01,115
galveslocherbach,2023-10-01,11
galveslocherbach,2023-11-01,39
galveslocherbach,2023-12-01,6
galveslocherbach,2024-01-01,14
galveslocherbach,2024-02-01,9
galveslocherbach,2024-03-01,9
galveslocherbach,2024-04-01,9
galveslocherbach,2024-05-01,18
galveslocherbach,2024-06-01,21
galveslocherbach,2024-07-01,13
galveslocherbach,2024-08-01,14
galveslocherbach,2024-09-01,16
galveslocherbach,2024-10-01,17
galveslocherbach,2024-11-01,10
galveslocherbach,2024-12-01,11
galveslocherbach,2025-01-01,23
galveslocherbach,2025-02-01,22
galveslocherbach,2025-03-01,20
galveslocherbach,2025-04-01,25
galveslocherbach,2025-05-01,7
galveslocherbach,2025-06-01,18
galveslocherbach,2025-07-01,19
grafos,2015-07-01,4991
grafos,2015-08-01,3849
grafos,2015-09-01,4856
grafos,2015-10-01,5158
grafos,2015-11-01,6388
grafos,2015-12-01,3795
grafos,2016-01-01,2910
grafos,2016-02-01,4250
grafos,2016-03-01,5560
grafos,2016-04-01,5668
grafos,2016-05-01,6701
grafos,2016-06-01,7596
grafos,2016-07-01,3706
grafos,2016-08-01,4606
grafos,2016-09-01,5990
grafos,2016-10-01,5743
grafos,2016-11-01,6920
grafos,2016-12-01,4506
grafos,2017-01-01,3203
grafos,2017-02-01,3819
grafos,2017-03-01,5378
grafos,2017-04-01,4932
grafos,2017-05-01,6457
grafos,2017-06-01,7075
grafos,2017-07-01,3941
grafos,2017-08-01,4641
grafos,2017-09-01,5091
grafos,2017-10-01,5325
grafos,2017-11-01,6936
grafos,2017-12-01,4293
grafos,2018-01-01,3135
grafos,2018-02-01,3493
grafos,2018-03-01,4970
grafos,2018-04-01,5366
grafos,2018-05-01,6838
grafos,2018-06-01,7647
grafos,2018-07-01,4335
grafos,2018-08-01,5231
grafos,2018-09-01,5130
grafos,2018-10-01,4717
grafos,2018-11-01,5553
grafos,2018-12-01,4044
grafos,2019-01-01,2685
grafos,2019-02-01,3261
grafos,2019-03-01,4410
grafos,2019-04-01,4876
grafos,2019-05-01,5638
grafos,2019-06-01,5835
grafos,2019-07-01,3739
grafos,2019-08-01,4233
grafos,2019-09-01,5169
grafos,2019-10-01,5614
grafos,2019-11-01,5899
grafos,2019-12-01,3995
grafos,2020-01-01,3850
grafos,2020-02-01,3028
grafos,2020-03-01,3929
grafos,2020-04-01,3876
grafos,2020-05-01,4783
grafos,2020-06-01,4878
grafos,2020-07-01,3284
grafos,2020-08-01,3392
grafos,2020-09-01,4330
grafos,2020-10-01,4690
grafos,2020-11-01,5180
grafos,2020-12-01,3666
grafos,2021-01-01,2791
grafos,2021-02-01,3143
grafos,2021-03-01,4290
grafos,2021-04-01,4089
grafos,2021-05-01,4605
grafos,2021-06-01,3695
grafos,2021-07-01,3363
grafos,2021-08-01,3069
grafos,2021-09-01,3331
grafos,2021-10-01,3589
grafos,2021-11-01,3689
grafos,2021-12-01,2702
grafos,2022-01-01,2570
grafos,2022-02-01,2606
grafos,2022-03-01,3200
grafos,2022-04-01,3309
grafos,2022-05-01,4113
grafos,2022-06-01,4164
grafos,2022-07-01,3229
grafos,2022-08-01,3200
grafos,2022-09-01,4324
grafos,2022-10-01,3532
grafos,2022-11-01,4135
grafos,2022-12-01,3139
grafos,2023-01-01,2731
grafos,2023-02-01,2718
grafos,2023-03-01,3443
grafos,2023-04-01,3366
grafos,2023-05-01,3760
grafos,2023-06-01,3657
grafos,2023-07-01,2563
grafos,2023-08-01,2707
grafos,2023-09-01,2966
grafos,2023-10-01,2936
grafos,2023-11-01,3193
grafos,2023-12-01,2592
grafos,2024-01-01,2256
grafos,2024-02-01,2287
grafos,2024-03-01,3097
grafos,2024-04-01,3247
grafos,2024-05-01,3366
grafos,2024-06-01,3016
grafos,2024-07-01,2435
grafos,2024-08-01,2640
grafos,2024-09-01,2868
grafos,2024-10-01,2997
grafos,2024-11-01,2842
grafos,2024-12-01,2350
grafos,2025-01-01,2005
grafos,2025-02-01,1965
grafos,2025-03-01,2460
grafos,2025-04-01,2079
grafos,2025-05-01,2260
grafos,2025-06-01,2066
grafos,2025-07-01,1519
lesoes,2015-07-01,1304
lesoes,2015-08-01,1599
lesoes,2015-09-01,1927
lesoes,2015-10-01,1807
lesoes,2015-11-01,2067
lesoes,2015-12-01,1420
lesoes,2016-01-01,1460
lesoes,2016-02-01,1950
lesoes,2016-03-01,2778
lesoes,2016-04-01,3360
lesoes,2016-05-01,2917
lesoes,2016-06-01,2607
lesoes,2016-07-01,2314
lesoes,2016-08-01,2864
lesoes,2016-09-01,3989
lesoes,2016-10-01,3662
lesoes,2016-11-01,3681
lesoes,2016-12-01,2469
lesoes,2017-01-01,2758
lesoes,2017-02-01,2788
lesoes,2017-03-01,4414
lesoes,2017-04-01,3233
lesoes,2017-05-01,4011
lesoes,2017-06-01,3613
lesoes,2017-07-01,3787
lesoes,2017-08-01,3773
lesoes,2017-09-01,4428
lesoes,2017-10-01,4446
lesoes,2017-11-01,4283
lesoes,2017-12-01,2788
lesoes,2018-01-01,3026
lesoes,2018-02-01,3049
lesoes,2018-03-01,4406
lesoes,2018-04-01,4330
lesoes,2018-05-01,4621
lesoes,2018-06-01,4520
lesoes,2018-07-01,3308
lesoes,2018-08-01,4092
lesoes,2018-09-01,4475
lesoes,2018-10-01,5464
lesoes,2018-11-01,5612
lesoes,2018-12-01,4174
lesoes,2019-01-01,3644
lesoes,2019-02-01,3829
lesoes,2019-03-01,5193
lesoes,2019-04-01,5513
lesoes,2019-05-01,5472
lesoes,2019-06-01,4324
lesoes,2019-07-01,3686
lesoes,2019-08-01,4297
lesoes,2019-09-01,5284
lesoes,2019-10-01,5324
lesoes,2019-11-01,5438
lesoes,2019-12-01,3838
lesoes,2020-01-01,3368
lesoes,2020-02-01,2986
lesoes,2020-03-01,3351
lesoes,2020-04-01,3312
lesoes,2020-05-01,2809
lesoes,2020-06-01,2951
lesoes,2020-07-01,2233
lesoes,2020-08-01,2415
lesoes,2020-09-01,2689
lesoes,2020-10-01,3268
lesoes,2020-11-01,2684
lesoes,2020-12-01,1709
lesoes,2021-01-01,1562
lesoes,2021-02-01,1485
lesoes,2021-03-01,1961
lesoes,2021-04-01,1791
lesoes,2021-05-01,1689
lesoes,2021-06-01,1644
lesoes,2021-07-01,1415
lesoes,2021-08-01,1267
lesoes,2021-09-01,1580
lesoes,2021-10-01,1169
lesoes,2021-11-01,1045
lesoes,2021-12-01,653
lesoes,2022-01-01,582
lesoes,2022-02-01,497
lesoes,2022-03-01,788
lesoes,2022-04-01,731
lesoes,2022-05-01,1012
lesoes,2022-06-01,953
lesoes,2022-07-01,619
lesoes,2022-08-01,921
lesoes,2022-09-01,976
lesoes,2022-10-01,864
lesoes,2022-11-01,759
lesoes,2022-12-01,300
lesoes,2023-01-01,269
lesoes,2023-02-01,260
lesoes,2023-03-01,319
lesoes,2023-04-01,317
lesoes,2023-05-01,448
lesoes,2023-06-01,510
lesoes,2023-07-01,433
lesoes,2023-08-01,720
lesoes,2023-09-01,659
lesoes,2023-10-01,270
lesoes,2023-11-01,494
lesoes,2023-12-01,469
lesoes,2024-01-01,408
lesoes,2024-02-01,463
lesoes,2024-03-01,603
lesoes,2024-04-01,699
lesoes,2024-05-01,635
lesoes,2024-06-01,602
lesoes,2024-07-01,589
lesoes,2024-08-01,689
lesoes,2024-09-01,574
lesoes,2024-10-01,457
lesoes,2024-11-01,496
lesoes,2024-12-01,483
lesoes,2025-01-01,733
lesoes,2025-02-01,422
lesoes,2025-03-01,645
lesoes,2025-04-01,454
lesoes,2025-05-01,470
lesoes,2025-06-01,505
lesoes,2025-07-01,439
markov,2015-07-01,1351
markov,2015-08-01,1342
markov,2015-09-01,1501
markov,2015-10-01,1595
markov,2015-11-01,1928
markov,2015-12-01,1285
markov,2016-01-01,1192
markov,2016-02-01,1117
markov,2016-03-01,1863
markov,2016-04-01,1757
markov,2016-05-01,1797
markov,2016-06-01,2187
markov,2016-07-01,1583
markov,2016-08-01,1890
markov,2016-09-01,2446
markov,2016-10-01,2660
markov,2016-11-01,2971
markov,2016-12-01,1950
markov,2017-01-01,1690
markov,2017-02-01,1580
markov,2017-03-01,2303
markov,2017-04-01,2411
markov,2017-05-01,2685
markov,2017-06-01,2652
markov,2017-07-01,1946
markov,2017-08-01,2155
markov,2017-09-01,2391
markov,2017-10-01,3002
markov,2017-11-01,2978
markov,2017-12-01,2097
markov,2018-01-01,2138
markov,2018-02-01,1657
markov,2018-03-01,2653
markov,2018-04-01,2940
markov,2018-05-01,3511
markov,2018-06-01,3463
markov,2018-07-01,2133
markov,2018-08-01,2372
markov,2018-09-01,2588
markov,2018-10-01,2665
markov,2018-11-01,3466
markov,2018-12-01,2158
markov,2019-01-01,1323
markov,2019-02-01,1547
markov,2019-03-01,2474
markov,2019-04-01,2531
markov,2019-05-01,3061
markov,2019-06-01,2787
markov,2019-07-01,1860
markov,2019-08-01,1957
markov,2019-09-01,2591
markov,2019-10-01,2771
markov,2019-11-01,3725
markov,2019-12-01,2207
markov,2020-01-01,1541
markov,2020-02-01,1551
markov,2020-03-01,2539
markov,2020-04-01,2737
markov,2020-05-01,3163
markov,2020-06-01,2927
markov,2020-07-01,2044
markov,2020-08-01,1935
markov,2020-09-01,2364
markov,2020-10-01,2847
markov,2020-11-01,3644
markov,2020-12-01,2251
markov,2021-01-01,1919
markov,2021-02-01,1842
markov,2021-03-01,2749
markov,2021-04-01,2568
markov,2021-05-01,2703
markov,2021-06-01,2170
markov,2021-07-01,2574
markov,2021-08-01,2568
markov,2021-09-01,2468
markov,2021-10-01,2296
markov,2021-11-01,2701
markov,2021-12-01,2216
markov,2022-01-01,1981
markov,2022-02-01,2057
markov,2022-03-01,2682
markov,2022-04-01,2585
markov,2022-05-01,1890
markov,2022-06-01,2346
markov,2022-07-01,1836
markov,2022-08-01,1839
markov,2022-09-01,1742
markov,2022-10-01,1831
markov,2022-11-01,3738
markov,2022-12-01,1917
markov,2023-01-01,1833
markov,2023-02-01,1511
markov,2023-03-01,1851
markov,2023-04-01,1801
markov,2023-05-01,2382
markov,2023-06-01,2428
markov,2023-07-01,1946
markov,2023-08-01,1820
markov,2023-09-01,1763
markov,2023-10-01,1842
markov,2023-11-01,1987
markov,2023-12-01,1608
markov,2024-01-01,1310
markov,2024-02-01,1189
markov,2024-03-01,1621
markov,2024-04-01,1726
markov,2024-05-01,1770
markov,2024-06-01,1821
markov,2024-07-01,1472
markov,2024-08-01,1543
markov,2024-09-01,1151
markov,2024-10-01,1661
markov,2024-11-01,1346
markov,2024-12-01,1129
markov,2025-01-01,1689
markov,2025-02-01,1198
markov,2025-03-01,1233
markov,2025-04-01,1136
markov,2025-05-01,1255
markov,2025-06-01,1026
markov,2025-07-01,1238
modelos_matematicos,2015-07-01,1083
modelos_matematicos,2015-08-01,1585
modelos_matematicos,2015-09-01,2024
modelos_matematicos,2015-10-01,1682
modelos_matematicos,2015-11-01,1836
modelos_matematicos,2015-12-01,1148
modelos_matematicos,2016-01-01,828
modelos_matematicos,2016-02-01,1268
modelos_matematicos,2016-03-01,1649
modelos_matematicos,2016-04-01,1843
modelos_matematicos,2016-05-01,2056
modelos_matematicos,2016-06-01,1759
modelos_matematicos,2016-07-01,1199
modelos_matematicos,2016-08-01,1665
modelos_matematicos,2016-09-01,2129
modelos_matematicos,2016-10-01,1691
modelos_matematicos,2016-11-01,1998
modelos_matematicos,2016-12-01,1256
modelos_matematicos,2017-01-01,940
modelos_matematicos,2017-02-01,1317
modelos_matematicos,2017-03-01,2248
modelos_matematicos,2017-04-01,2006
modelos_matematicos,2017-05-01,2797
modelos_matematicos,2017-06-01,1825
modelos_matematicos,2017-07-01,1198
modelos_matematicos,2017-08-01,2283
modelos_matematicos,2017-09-01,2026
modelos_matematicos,2017-10-01,2229
modelos_matematicos,2017-11-01,2165
modelos_matematicos,2017-12-01,1166
modelos_matematicos,2018-01-01,1178
modelos_matematicos,2018-02-01,1532
modelos_matematicos,2018-03-01,2908
modelos_matematicos,2018-04-01,2541
modelos_matematicos,2018-05-01,3122
modelos_matematicos,2018-06-01,2344
modelos_matematicos,2018-07-01,1201
modelos_matematicos,2018-08-01,1839
modelos_matematicos,2018-09-01,2219
modelos_matematicos,2018-10-01,1896
modelos_matematicos,2018-11-01,1974
modelos_matematicos,2018-12-01,1197
modelos_matematicos,2019-01-01,770
modelos_matematicos,2019-02-01,1135
modelos_matematicos,2019-03-01,1832
modelos_matematicos,2019-04-01,1740
modelos_matematicos,2019-05-01,1552
modelos_matematicos,2019-06-01,1461
modelos_matematicos,2019-07-01,962
modelos_matematicos,2019-08-01,1392
modelos_matematicos,2019-09-01,1500
modelos_matematicos,2019-10-01,1564
modelos_matematicos,2019-11-01,1835
modelos_matematicos,2019-12-01,842
modelos_matematicos,2020-01-01,674
modelos_matematicos,2020-02-01,1046
modelos_matematicos,2020-03-01,1675
modelos_matematicos,2020-04-01,1824
modelos_matematicos,2020-05-01,1698
modelos_matematicos,2020-06-01,1673
modelos_matematicos,2020-07-01,965
modelos_matematicos,2020-08-01,1341
modelos_matematicos,2020-09-01,1740
modelos_matematicos,2020-10-01,1807
modelos_matematicos,2020-11-01,1896
modelos_matematicos,2020-12-01,1119
modelos_matematicos,2021-01-01,724
modelos_matematicos,2021-02-01,922
modelos_matematicos,2021-03-01,1731
modelos_matematicos,2021-04-01,1572
modelos_matematicos,2021-05-01,1291
modelos_matematicos,2021-06-01,902
modelos_matematicos,2021-07-01,950
modelos_matematicos,2021-08-01,889
modelos_matematicos,2021-09-01,973
modelos_matematicos,2021-10-01,928
modelos_matematicos,2021-11-01,1182
modelos_matematicos,2021-12-01,822
modelos_matematicos,2022-01-01,497
modelos_matematicos,2022-02-01,822
modelos_matematicos,2022-03-01,1143
modelos_matematicos,2022-04-01,1141
modelos_matematicos,2022-05-01,693
modelos_matematicos,2022-06-01,509
modelos_matematicos,2022-07-01,468
modelos_matematicos,2022-08-01,675
modelos_matematicos,2022-09-01,647
modelos_matematicos,2022-10-01,573
modelos_matematicos,2022-11-01,665
modelos_matematicos,2022-12-01,362
modelos_matematicos,2023-01-01,348
modelos_matematicos,2023-02-01,525
modelos_matematicos,2023-03-01,740
modelos_matematicos,2023-04-01,764
modelos_matematicos,2023-05-01,910
modelos_matematicos,2023-06-01,795
modelos_matematicos,2023-07-01,508
modelos_matematicos,2023-08-01,1186
modelos_matematicos,2023-09-01,616
modelos_matematicos,2023-10-01,523
modelos_matematicos,2023-11-01,520
modelos_matematicos,2023-12-01,328
modelos_matematicos,2024-01-01,264
modelos_matematicos,2024-02-01,428
modelos_matematicos,2024-03-01,732
modelos_matematicos,2024-04-01,932
modelos_matematicos,2024-05-01,643
modelos_matematicos,2024-06-01,482
modelos_matematicos,2024-07-01,388
modelos_matematicos,2024-08-01,467
modelos_matematicos,2024-09-01,374
modelos_matematicos,2024-10-01,411
modelos_matematicos,2024-11-01,407
modelos_matematicos,2024-12-01,279
modelos_matematicos,2025-01-01,256
modelos_matematicos,2025-02-01,329
modelos_matematicos,2025-03-01,311
modelos_matematicos,2025-04-01,325
modelos_matematicos,2025-05-01,259
modelos_matematicos,2025-06-01,225
modelos_matematicos,2025-07-01,172
neurociencia,2015-07-01,4106
neurociencia,2015-08-01,5106
neurociencia,2015-09-01,6143
neurociencia,2015-10-01,5342
neurociencia,2015-11-01,4895
neurociencia,2015-12-01,4372
neurociencia,2016-01-01,4020
neurociencia,2016-02-01,4183
neurociencia,2016-03-01,5817
neurociencia,2016-04-01,4716
neurociencia,2016-05-01,4940
neurociencia,2016-06-01,5366
neurociencia,2016-07-01,4561
neurociencia,2016-08-01,5043
neurociencia,2016-09-01,5476
neurociencia,2016-10-01,5103
neurociencia,2016-11-01,4955
neurociencia,2016-12-01,3986
neurociencia,2017-01-01,4473
neurociencia,2017-02-01,4538
neurociencia,2017-03-01,7298
neurociencia,2017-04-01,5684
neurociencia,2017-05-01,6179
neurociencia,2017-06-01,4949
neurociencia,2017-07-01,4188
neurociencia,2017-08-01,5863
neurociencia,2017-09-01,5376
neurociencia,2017-10-01,5091
neurociencia,2017-11-01,5437
neurociencia,2017-12-01,3678
neurociencia,2018-01-01,4961
neurociencia,2018-02-01,5297
neurociencia,2018-03-01,5706
neurociencia,2018-04-01,5468
neurociencia,2018-05-01,5198
neurociencia,2018-06-01,4772
neurociencia,2018-07-01,4144
neurociencia,2018-08-01,5455
neurociencia,2018-09-01,4552
neurociencia,2018-10-01,4158
neurociencia,2018-11-01,4077
neurociencia,2018-12-01,3150
neurociencia,2019-01-01,4183
neurociencia,2019-02-01,4336
neurociencia,2019-03-01,4699
neurociencia,2019-04-01,5277
neurociencia,2019-05-01,4714
neurociencia,2019-06-01,4175
neurociencia,2019-07-01,4072
neurociencia,2019-08-01,5383
neurociencia,2019-09-01,4659
neurociencia,2019-10-01,4075
neurociencia,2019-11-01,4410
neurociencia,2019-12-01,3211
neurociencia,2020-01-01,3676
neurociencia,2020-02-01,3453
neurociencia,2020-03-01,4452
neurociencia,2020-04-01,4369
neurociencia,2020-05-01,4902
neurociencia,2020-06-01,4499
neurociencia,2020-07-01,4217
neurociencia,2020-08-01,4163
neurociencia,2020-09-01,4554
neurociencia,2020-10-01,4711
neurociencia,2020-11-01,4610
neurociencia,2020-12-01,3143
neurociencia,2021-01-01,3369
neurociencia,2021-02-01,3130
neurociencia,2021-03-01,4374
neurociencia,2021-04-01,3918
neurociencia,2021-05-01,3420
neurociencia,2021-06-01,2551
neurociencia,2021-07-01,2555
neurociencia,2021-08-01,2641
neurociencia,2021-09-01,2298
neurociencia,2021-10-01,2721
neurociencia,2021-11-01,2258
neurociencia,2021-12-01,1940
neurociencia,2022-01-01,2322
neurociencia,2022-02-01,2240
neurociencia,2022-03-01,2613
neurociencia,2022-04-01,2545
neurociencia,2022-05-01,2688
neurociencia,2022-06-01,2552
neurociencia,2022-07-01,2244
neurociencia,2022-08-01,2790
neurociencia,2022-09-01,2577
neurociencia,2022-10-01,2361
neurociencia,2022-11-01,2531
neurociencia,2022-12-01,1733
neurociencia,2023-01-01,2190
neurociencia,2023-02-01,2173
neurociencia,2023-03-01,2633
neurociencia,2023-04-01,2154
neurociencia,2023-05-01,2753
neurociencia,2023-06-01,1929
neurociencia,2023-07-01,1780
neurociencia,2023-08-01,2280
neurociencia,2023-09-01,1813
neurociencia,2023-10-01,1885
neurociencia,2023-11-01,1756
neurociencia,2023-12-01,1753
neurociencia,2024-01-01,2237
neurociencia,2024-02-01,2158
neurociencia,2024-03-01,2531
neurociencia,2024-04-01,2695
neurociencia,2024-05-01,2342
neurociencia,2024-06-01,2449
neurociencia,2024-07-01,2637
neurociencia,2024-08-01,2288
neurociencia,2024-09-01,2325
neurociencia,2024-10-01,2008
neurociencia,2024-11-01,1910
neurociencia,2024-12-01,1576
neurociencia,2025-01-01,2015
neurociencia,2025-02-01,1621
neurociencia,2025-03-01,1531
neurociencia,2025-04-01,1220
neurociencia,2025-05-01,1098
neurociencia,2025-06-01,1039
neurociencia,2025-07-01,1124
neuromat,2015-07-01,1
neuromat,2015-08-01,1
neuromat,2015-09-01,0
neuromat,2015-10-01,0
neuromat,2015-11-01,1
neuromat,2015-12-01,0
neuromat,2016-01-01,0
neuromat,2016-02-01,3
neuromat,2016-03-01,2
neuromat,2016-04-01,4
neuromat,2016-05-01,1
neuromat,2016-06-01,0
neuromat,2016-07-01,5
neuromat,2016-08-01,2
neuromat,2016-09-01,2
neuromat,2016-10-01,4
neuromat,2016-11-01,1
neuromat,2016-12-01,0
neuromat,2017-01-01,3
neuromat,2017-02-01,2
neuromat,2017-03-01,3
neuromat,2017-04-01,0
neuromat,2017-05-01,3
neuromat,2017-06-01,1
neuromat,2017-07-01,41
neuromat,2017-08-01,51
neuromat,2017-09-01,57
neuromat,2017-10-01,44
neuromat,2017-11-01,56
neuromat,2017-12-01,36
neuromat,2018-01-01,18
neuromat,2018-02-01,53
neuromat,2018-03-01,57
neuromat,2018-04-01,72
neuromat,2018-05-01,49
neuromat,2018-06-01,100
neuromat,2018-07-01,127
neuromat,2018-08-01,36
neuromat,2018-09-01,44
neuromat,2018-10-01,40
neuromat,2018-11-01,61
neuromat,2018-12-01,69
neuromat,2019-01-01,44
neuromat,2019-02-01,45
neuromat,2019-03-01,63
neuromat,2019-04-01,66
neuromat,2019-05-01,62
neuromat,2019-06-01,40
neuromat,2019-07-01,42
neuromat,2019-08-01,32
neuromat,2019-09-01,50
neuromat,2019-10-01,74
neuromat,2019-11-01,83
neuromat,2019-12-01,43
neuromat,2020-01-01,40
neuromat,2020-02-01,39
neuromat,2020-03-01,43
neuromat,2020-04-01,55
neuromat,2020-05-01,39
neuromat,2020-06-01,46
neuromat,2020-07-01,30
neuromat,2020-08-01,37
neuromat,2020-09-01,63
neuromat,2020-10-01,46
neuromat,2020-11-01,33
neuromat,2020-12-01,13
neuromat,2021-01-01,25
neuromat,2021-02-01,21
neuromat,2021-03-01,96
neuromat,2021-04-01,78
neuromat,2021-05-01,99
neuromat,2021-06-01,28
neuromat,2021-07-01,54
neuromat,2021-08-01,28
neuromat,2021-09-01,22
neuromat,2021-10-01,42
neuromat,2021-11-01,31
neuromat,2021-12-01,23
neuromat,2022-01-01,15
neuromat,2022-02-01,32
neuromat,2022-03-01,27
neuromat,2022-04-01,33
neuromat,2022-05-01,48
neuromat,2022-06-01,28
neuromat,2022-07-01,23
neuromat,2022-08-01,48
neuromat,2022-09-01,37
neuromat,2022-10-01,18
neuromat,2022-11-01,44
neuromat,2022-12-01,50
neuromat,2023-01-01,24
neuromat,2023-02-01,25
neuromat,2023-03-01,40
neuromat,2023-04-01,18
neuromat,2023-05-01,20
neuromat,2023-06-01,52
neuromat,2023-07-01,38
neuromat,2023-08-01,38
neuromat,2023-09-01,66
neuromat,2023-10-01,25
neuromat,2023-11-01,23
neuromat,2023-12-01,31
neuromat,2024-01-01,48
neuromat,2024-02-01,28
neuromat,2024-03-01,35
neuromat,2024-04-01,32
neuromat,2024-05-01,17
neuromat,2024-06-01,38
neuromat,2024-07-01,19
neuromat,2024-08-01,27
neuromat,2024-09-01,25
neuromat,2024-10-01,33
neuromat,2024-11-01,32
neuromat,2024-12-01,38
neuromat,2025-01-01,66
neuromat,2025-02-01,94
neuromat,2025-03-01,57
neuromat,2025-04-01,61
neuromat,2025-05-01,36
neuromat,2025-06-01,52
neuromat,2025-07-01,45
parkinson,2015-07-01,6804
parkinson,2015-08-01,11031
parkinson,2015-09-01,10643
parkinson,2015-10-01,15796
parkinson,2015-11-01,16958
parkinson,2015-12-01,8867
parkinson,2016-01-01,10443
parkinson,2016-02-01,8987
parkinson,2016-03-01,10215
parkinson,2016-04-01,10277
parkinson,2016-05-01,9747
parkinson,2016-06-01,15616
parkinson,2016-07-01,8710
parkinson,2016-08-01,9892
parkinson,2016-09-01,10667
parkinson,2016-10-01,9528
parkinson,2016-11-01,9889
parkinson,2016-12-01,9291
parkinson,2017-01-01,11512
parkinson,2017-02-01,9429
parkinson,2017-03-01,13500
parkinson,2017-04-01,14241
parkinson,2017-05-01,12609
parkinson,2017-06-01,12013
parkinson,2017-07-01,9787
parkinson,2017-08-01,10716
parkinson,2017-09-01,13908
parkinson,2017-10-01,14067
parkinson,2017-11-01,13157
parkinson,2017-12-01,9823
parkinson,2018-01-01,11860
parkinson,2018-02-01,12905
parkinson,2018-03-01,13776
parkinson,2018-04-01,12951
parkinson,2018-05-01,15507
parkinson,2018-06-01,14938
parkinson,2018-07-01,12901
parkinson,2018-08-01,14786
parkinson,2018-09-01,12891
parkinson,2018-10-01,13138
parkinson,2018-11-01,13802
parkinson,2018-12-01,11801
parkinson,2019-01-01,9386
parkinson,2019-02-01,7394
parkinson,2019-03-01,7880
parkinson,2019-04-01,7861
parkinson,2019-05-01,8637
parkinson,2019-06-01,6768
parkinson,2019-07-01,5198
parkinson,2019-08-01,5820
parkinson,2019-09-01,6350
parkinson,2019-10-01,7879
parkinson,2019-11-01,10252
parkinson,2019-12-01,7654
parkinson,2020-01-01,7075
parkinson,2020-02-01,5958
parkinson,2020-03-01,6058
parkinson,2020-04-01,6893
parkinson,2020-05-01,7088
parkinson,2020-06-01,6788
parkinson,2020-07-01,6333
parkinson,2020-08-01,6390
parkinson,2020-09-01,6220
parkinson,2020-10-01,8342
parkinson,2020-11-01,8076
parkinson,2020-12-01,5465
parkinson,2021-01-01,4560
parkinson,2021-02-01,4232
parkinson,2021-03-01,5112
parkinson,2021-04-01,5669
parkinson,2021-05-01,4953
parkinson,2021-06-01,4200
parkinson,2021-07-01,4358
parkinson,2021-08-01,6990
parkinson,2021-09-01,5065
parkinson,2021-10-01,4462
parkinson,2021-11-01,4267
parkinson,2021-12-01,4674
parkinson,2022-01-01,4620
parkinson,2022-02-01,3696
parkinson,2022-03-01,3002
parkinson,2022-04-01,3825
parkinson,2022-05-01,3368
parkinson,2022-06-01,3650
parkinson,2022-07-01,2920
parkinson,2022-08-01,3050
parkinson,2022-09-01,2992
parkinson,2022-10-01,7131
parkinson,2022-11-01,4072
parkinson,2022-12-01,2347
parkinson,2023-01-01,2755
parkinson,2023-02-01,2787
parkinson,2023-03-01,3353
parkinson,2023-04-01,3952
parkinson,2023-05-01,4935
parkinson,2023-06-01,3845
parkinson,2023-07-01,3079
parkinson,2023-08-01,3509
parkinson,2023-09-01,3414
parkinson,2023-10-01,3092
parkinson,2023-11-01,2860
parkinson,2023-12-01,2526
parkinson,2024-01-01,2864
parkinson,2024-02-01,2245
parkinson,2024-03-01,3156
parkinson,2024-04-01,3321
parkinson,2024-05-01,3457
parkinson,2024-06-01,3076
parkinson,2024-07-01,4236
parkinson,2024-08-01,3903
parkinson,2024-09-01,3664
parkinson,2024-10-01,3678
parkinson,2024-11-01,3381
parkinson,2024-12-01,2867
parkinson,2025-01-01,3326
parkinson,2025-02-01,3022
parkinson,2025-03-01,3413
parkinson,2025-04-01,3312
parkinson,2025-05-01,3196
parkinson,2025-06-01,2801
parkinson,2025-07-01,4609
plexo,2015-07-01,1059
plexo,2015-08-01,1284
plexo,2015-09-01,1874
plexo,2015-10-01,1697
plexo,2015-11-01,2137
plexo,2015-12-01,1141
plexo,2016-01-01,972
plexo,2016-02-01,1030
plexo,2016-03-01,2105
plexo,2016-04-01,3112
plexo,2016-05-01,1872
plexo,2016-06-01,1788
plexo,2016-07-01,1006
plexo,2016-08-01,1371
plexo,2016-09-01,2458
plexo,2016-10-01,2625
plexo,2016-11-01,3185
plexo,2016-12-01,1814
plexo,2017-01-01,1888
plexo,2017-02-01,2620
plexo,2017-03-01,4448
plexo,2017-04-01,4153
plexo,2017-05-01,5032
plexo,2017-06-01,3353
plexo,2017-07-01,2172
plexo,2017-08-01,3597
plexo,2017-09-01,3940
plexo,2017-10-01,3874
plexo,2017-11-01,4192
plexo,2017-12-01,2310
plexo,2018-01-01,2394
plexo,2018-02-01,2471
plexo,2018-03-01,4408
plexo,2018-04-01,4898
plexo,2018-05-01,5082
plexo,2018-06-01,5232
plexo,2018-07-01,2647
plexo,2018-08-01,3625
plexo,2018-09-01,5290
plexo,2018-10-01,6292
plexo,2018-11-01,6283
plexo,2018-12-01,3847
plexo,2019-01-01,2597
plexo,2019-02-01,2941
plexo,2019-03-01,4617
plexo,2019-04-01,6322
plexo,2019-05-01,6295
plexo,2019-06-01,6568
plexo,2019-07-01,2859
plexo,2019-08-01,3799
plexo,2019-09-01,5646
plexo,2019-10-01,5617
plexo,2019-11-01,6125
plexo,2019-12-01,4109
plexo,2020-01-01,2620
plexo,2020-02-01,2515
plexo,2020-03-01,4228
plexo,2020-04-01,7090
plexo,2020-05-01,5014
plexo,2020-06-01,5258
plexo,2020-07-01,4033
plexo,2020-08-01,2713
plexo,2020-09-01,3709
plexo,2020-10-01,4837
plexo,2020-11-01,4499
plexo,2020-12-01,3102
plexo,2021-01-01,1945
plexo,2021-02-01,2174
plexo,2021-03-01,3476
plexo,2021-04-01,4038
plexo,2021-05-01,4277
plexo,2021-06-01,4036
plexo,2021-07-01,2924
plexo,2021-08-01,2885
plexo,2021-09-01,3892
plexo,2021-10-01,3769
plexo,2021-11-01,3583
plexo,2021-12-01,2340
plexo,2022-01-01,1979
plexo,2022-02-01,2084
plexo,2022-03-01,3241
plexo,2022-04-01,3127
plexo,2022-05-01,2593
plexo,2022-06-01,2388
plexo,2022-07-01,1676
plexo,2022-08-01,1757
plexo,2022-09-01,2146
plexo,2022-10-01,2113
plexo,2022-11-01,2438
plexo,2022-12-01,1765
plexo,2023-01-01,1733
plexo,2023-02-01,1583
plexo,2023-03-01,2767
plexo,2023-04-01,2593
plexo,2023-05-01,3172
plexo,2023-06-01,2576
plexo,2023-07-01,1534
plexo,2023-08-01,1601
plexo,2023-09-01,1834
plexo,2023-10-01,2137
plexo,2023-11-01,2039
plexo,2023-12-01,1655
plexo,2024-01-01,1761
plexo,2024-02-01,1316
plexo,2024-03-01,1919
plexo,2024-04-01,1861
plexo,2024-05-01,1494
plexo,2024-06-01,1218
plexo,2024-07-01,954
plexo,2024-08-01,986
plexo,2024-09-01,910
plexo,2024-10-01,874
plexo,2024-11-01,916
plexo,2024-12-01,670
plexo,2025-01-01,675
plexo,2025-02-01,563
plexo,2025-03-01,883
plexo,2025-04-01,756
plexo,2025-05-01,806
plexo,2025-06-01,614
plexo,2025-07-01,501
redes_neurais,2015-07-01,2605
redes_neurais,2015-08-01,2598
redes_neurais,2015-09-01,3002
redes_neurais,2015-10-01,3430
redes_neurais,2015-11-01,4514
redes_neurais,2015-12-01,2543
redes_neurais,2016-01-01,2083
redes_neurais,2016-02-01,2364
redes_neurais,2016-03-01,3750
redes_neurais,2016-04-01,3872
redes_neurais,2016-05-01,4435
redes_neurais,2016-06-01,5252
redes_neurais,2016-07-01,3004
redes_neurais,2016-08-01,3048
redes_neurais,2016-09-01,3691
redes_neurais,2016-10-01,4146
redes_neurais,2016-11-01,5291
redes_neurais,2016-12-01,3168
redes_neurais,2017-01-01,2254
redes_neurais,2017-02-01,2658
redes_neurais,2017-03-01,3984
redes_neurais,2017-04-01,3786
redes_neurais,2017-05-01,5011
redes_neurais,2017-06-01,4992
redes_neurais,2017-07-01,3302
redes_neurais,2017-08-01,3840
redes_neurais,2017-09-01,3946
redes_neurais,2017-10-01,4823
redes_neurais,2017-11-01,5718
redes_neurais,2017-12-01,3674
redes_neurais,2018-01-01,3193
redes_neurais,2018-02-01,3395
redes_neurais,2018-03-01,4834
redes_neurais,2018-04-01,4576
redes_neurais,2018-05-01,5445
redes_neurais,2018-06-01,6538
redes_neurais,2018-07-01,3437
redes_neurais,2018-08-01,4089
redes_neurais,2018-09-01,4320
redes_neurais,2018-10-01,5010
redes_neurais,2018-11-01,6455
redes_neurais,2018-12-01,3640
redes_neurais,2019-01-01,2613
redes_neurais,2019-02-01,3468
redes_neurais,2019-03-01,4582
redes_neurais,2019-04-01,5240
redes_neurais,2019-05-01,5496
redes_neurais,2019-06-01,5293
redes_neurais,2019-07-01,3617
redes_neurais,2019-08-01,4768
redes_neurais,2019-09-01,4236
redes_neurais,2019-10-01,5175
redes_neurais,2019-11-01,6147
redes_neurais,2019-12-01,3699
redes_neurais,2020-01-01,2954
redes_neurais,2020-02-01,3375
redes_neurais,2020-03-01,3818
redes_neurais,2020-04-01,3924
redes_neurais,2020-05-01,4444
redes_neurais,2020-06-01,4917
redes_neurais,2020-07-01,3483
redes_neurais,2020-08-01,3172
redes_neurais,2020-09-01,3613
redes_neurais,2020-10-01,4193
redes_neurais,2020-11-01,5129
redes_neurais,2020-12-01,4407
redes_neurais,2021-01-01,2480
redes_neurais,2021-02-01,2388
redes_neurais,2021-03-01,3404
redes_neurais,2021-04-01,3088
redes_neurais,2021-05-01,3265
redes_neurais,2021-06-01,3100
redes_neurais,2021-07-01,2900
redes_neurais,2021-08-01,2670
redes_neurais,2021-09-01,2841
redes_neurais,2021-10-01,2694
redes_neurais,2021-11-01,3085
redes_neurais,2021-12-01,2318
redes_neurais,2022-01-01,1831
redes_neurais,2022-02-01,1777
redes_neurais,2022-03-01,2733
redes_neurais,2022-04-01,2475
redes_neurais,2022-05-01,2347
redes_neurais,2022-06-01,2558
redes_neurais,2022-07-01,1765
redes_neurais,2022-08-01,1804
redes_neurais,2022-09-01,1701
redes_neurais,2022-10-01,1965
redes_neurais,2022-11-01,1981
redes_neurais,2022-12-01,1772
redes_neurais,2023-01-01,1682
redes_neurais,2023-02-01,1741
redes_neurais,2023-03-01,2235
redes_neurais,2023-04-01,2403
redes_neurais,2023-05-01,2760
redes_neurais,2023-06-01,2707
redes_neurais,2023-07-01,1751
redes_neurais,2023-08-01,1697
redes_neurais,2023-09-01,1469
redes_neurais,2023-10-01,1810
redes_neurais,2023-11-01,1678
redes_neurais,2023-12-01,1460
redes_neurais,2024-01-01,1233
redes_neurais,2024-02-01,1268
redes_neurais,2024-03-01,1737
redes_neurais,2024-04-01,2026
redes_neurais,2024-05-01,2114
redes_neurais,2024-06-01,2038
redes_neurais,2024-07-01,1553
redes_neurais,2024-08-01,1573
redes_neurais,2024-09-01,1480
redes_neurais,2024-10-01,2063
redes_neurais,2024-11-01,1755
redes_neurais,2024-12-01,1529
redes_neurais,2025-01-01,1414
redes_neurais,2025-02-01,1381
redes_neurais,2025-03-01,1464
redes_neurais,2025-04-01,1246
redes_neurais,2025-05-01,1299
redes_neurais,2025-06-01,1232
redes_neurais,2025-07-01,1091
tms,2015-07-01,40
tms,2015-08-01,32
tms,2015-09-01,31
tms,2015-10-01,50
tms,2015-11-01,84
tms,2015-12-01,38
tms,2016-01-01,47
tms,2016-02-01,29
tms,2016-03-01,49
tms,2016-04-01,72
tms,2016-05-01,49
tms,2016-06-01,57
tms,2016-07-01,48
tms,2016-08-01,37
tms,2016-09-01,39
tms,2016-10-01,231
tms,2016-11-01,390
tms,2016-12-01,348
tms,2017-01-01,391
tms,2017-02-01,347
tms,2017-03-01,506
tms,2017-04-01,2426
tms,2017-05-01,4430
tms,2017-06-01,522
tms,2017-07-01,500
tms,2017-08-01,520
tms,2017-09-01,725
tms,2017-10-01,834
tms,2017-11-01,1038
tms,2017-12-01,742
tms,2018-01-01,880
tms,2018-02-01,840
tms,2018-03-01,1031
tms,2018-04-01,1092
tms,2018-05-01,1035
tms,2018-06-01,742
tms,2018-07-01,861
tms,2018-08-01,940
tms,2018-09-01,984
tms,2018-10-01,1107
tms,2018-11-01,1181
tms,2018-12-01,1032
tms,2019-01-01,1032
tms,2019-02-01,1021
tms,2019-03-01,1246
tms,2019-04-01,1337
tms,2019-05-01,1363
tms,2019-06-01,1162
tms,2019-07-01,1045
tms,2019-08-01,1480
tms,2019-09-01,1691
tms,2019-10-01,1847
tms,2019-11-01,2034
tms,2019-12-01,1340
tms,2020-01-01,1353
tms,2020-02-01,1174
tms,2020-03-01,1114
tms,2020-04-01,1050
tms,2020-05-01,1235
tms,2020-06-01,1208
tms,2020-07-01,1102
tms,2020-08-01,1179
tms,2020-09-01,1138
tms,2020-10-01,1243
tms,2020-11-01,1240
tms,2020-12-01,827
tms,2021-01-01,747
tms,2021-02-01,612
tms,2021-03-01,823
tms,2021-04-01,827
tms,2021-05-01,692
tms,2021-06-01,650
tms,2021-07-01,695
tms,2021-08-01,538
tms,2021-09-01,434
tms,2021-10-01,472
tms,2021-11-01,503
tms,2021-12-01,457
tms,2022-01-01,510
tms,2022-02-01,517
tms,2022-03-01,561
tms,2022-04-01,569
tms,2022-05-01,446
tms,2022-06-01,392
tms,2022-07-01,386
tms,2022-08-01,552
tms,2022-09-01,524
tms,2022-10-01,625
tms,2022-11-01,502
tms,2022-12-01,376
tms,2023-01-01,552
tms,2023-02-01,426
tms,2023-03-01,619
tms,2023-04-01,658
tms,2023-05-01,753
tms,2023-06-01,588
tms,2023-07-01,441
tms,2023-08-01,423
tms,2023-09-01,364
tms,2023-10-01,332
tms,2023-11-01,351
tms,2023-12-01,311
tms,2024-01-01,470
tms,2024-02-01,334
tms,2024-03-01,529
tms,2024-04-01,436
tms,2024-05-01,452
tms,2024-06-01,436
tms,2024-07-01,424
tms,2024-08-01,470
tms,2024-09-01,412
tms,2024-10-01,366
tms,2024-11-01,396
tms,2024-12-01,385
tms,2025-01-01,430
tms,2025-02-01,362
tms,2025-03-01,625
tms,2025-04-01,372
tms,2025-05-01,400
tms,2025-06-01,341
tms,2025-07-01,364
